{
	"Use_Default": false,
	"Title_Welcome": "BEM VINDO",
	"Chat_Welcome": "{server}",
	"Member_Welcome": "VOCÊ É O MEMBRO N° {count}",
	"Sound_Welcome": "https://www.myinstants.com/media/sounds/welcome-mercador-resident-evil-4.mp3",
	"Contor_Color": "#191919",
	"Border_Color": "#00100C",
	"User_Color": "#00100C",
	"Disc_Color": "#00100C",
	"Hashtag_Color": "#FA8072",
	"Message_Color": "#00100C",
	"Title_Color": "#6577AF",
	"User_Opacity": "0.6",
	"Disc_Opacity": "0.6",
	"Message_Opacity": "0.6",
	"Border_Opacity": "0.4",
	"Background": "https://images.wallpaperscraft.com/image/landscape_art_road_127350_1280x720.jpg",
	"Title_GoodBye": "ADEUS",
	"Chat_GoodBye": "SAIU DO {server}",
	"Member_GoodBye": "ELE FOI O MEMBRO N° {count}",
	"Sound_Goodbye": "https://media1.vocaroo.com/mp3/1aNWZ9vQa2CT",
	"User_Image": "https://raw.githubusercontent.com/KillovSky/Iris_Files/main/Assets/user.png"
}